{"cameraMode":{"drawMode":0,"name":"Shaded","section":"Shading Mode"},"sceneLighting":false,"audioPlay":false,"sceneViewState":{"m_AlwaysRefresh":false,"showFog":true,"showSkybox":false,"showFlares":true,"showImageEffects":true,"showParticleSystems":true,"showVisualEffectGraphs":true,"m_FxEnabled":true},"in2DMode":false,"pivot":{"x":10.890000343322754,"y":14.807703018188477,"z":46.40606689453125},"rotation":{"x":0.40679317712783816,"y":0.16967463493347169,"z":-0.07718021422624588,"w":0.8943016529083252},"size":2.8588922023773195,"orthographic":true}